id,first_name,middle_name,last_name
1,Michael,James,P.
2,Shawn,Lee,M.
3,Kathleen,Marie,P.
4,Jimmy,Ray,C.
5,Katherine,Anne,R.
6,Sarah,Lynn,R.
7,Martin,Lee,M.
8,Frank,Joseph,R.
9,Jennifer,Lynn,F.
10,Henry,James,W.
11,Fred,Allen,S.
12,Amy,Rose,D.
13,Kathleen,Ann,M.
14,Steve,Michael,F.
15,Teresa,Marie,H.
16,Amanda,Jean,H.
17,Kimberly,Sue,R.
18,Johnny,Lee,K.
19,Virginia,Mae,F.
20,Anna,Marie,A.
21,Willie,James,H.
22,Sean,Patrick,H.
23,Mildred,Grace,A.
24,David,Lee,G.
25,Victor,Joseph,H.
26,Aaron,Michael,R.
27,Benjamin,Thomas,B.
28,Lisa,Anne,W.
29,Benjamin,Lee,K.
30,Christina,Marie,W.
31,Jane,Elizabeth,G.
32,Thomas,Edward,O.
33,Katherine,Lynn,M.
34,Jennifer,Marie,S.
35,Sara,Ann,T.
36,Harold,Wayne,O.
37,Shirley,Mae,J.
38,Dennis,Ray,J.
39,Louise,Marie,W.
40,Maria,Elena,A.
41,Gloria,Jean,C.
42,Diana,Lynn,S.
43,Kelly,Ann,N.
44,Jane,Marie,R.
45,Scott,Michael,B.
46,Norma,Jean,C.
47,Marie,Claire,P.
48,Lillian,Rose,C.
49,Judy,Lynn,N.
50,Billy,Joe,L.
51,Howard,Lee,R.
52,Laura,Mae,F.
53,Anne,Marie,B.
54,Rose,Marie,M.
55,Nicholas,James,R.
56,Joshua,Lee,K.
57,Paul,Andrew,W.
58,Kathryn,Sue,K.
59,Adam,James,A.
60,Norma,Jean,W.
61,Timothy,Michael,R.
62,Elizabeth,Ann,P.
63,Edward,James,G.
64,David,Lee,C.
65,Brenda,Kay,W.
66,Adam,Lee,W.
67,Michael,James,H.
68,Jesse,Ray,E.
69,Janet,Marie,P.
70,Helen,Grace,F.
71,Gerald,Lee,C.
72,Kathryn,Ann,O.
73,Alan,James,B.
74,Harry,Lee,A.
75,Andrea,Marie,H.
76,Barbara,Jean,W.
77,Anne,Elizabeth,W.
78,Harry,James,H.
79,Jack,Robert,R.
80,Phillip,Lee,H.
81,Shirley,Ann,H.
82,Arthur,James,D.
83,Virginia,Lee,R.
84,Christina,Marie,R.
85,Theresa,Ann,M.
86,Jason,Michael,C.
87,Phillip,James,B.
88,Adam,Lee,T.
89,Margaret,Ann,J.
90,Paul,Michael,P.
91,Todd,James,W.
92,Willie,Lee,O.
93,Frances,Marie,R.
94,Gregory,Lee,H.
95,Lisa,Marie,P.
96,Jacqueline,Marie,A.
97,Shirley,Jean,D.
98,Nicole,Marie,M.
99,Mary,Elizabeth,G.
100,Jean,Marie,M.
